link,date,REGION
https://mg.olx.com.br/belo-horizonte-e-regiao/imoveis/apartamento-a-venda-olaria-2-quartos-belo-horizonte-1222387194,2023-08-15 13:55:18.525145,barreiro
https://mg.olx.com.br/belo-horizonte-e-regiao/imoveis/apartamento-a-venda-flavio-de-oliveira-2-quartos-belo-horizonte-1222373248,2023-08-15 13:55:18.525145,barreiro
https://mg.olx.com.br/belo-horizonte-e-regiao/imoveis/venda-cobertura-milionarios-belo-horizonte-1222369856,2023-08-15 13:55:18.525145,barreiro
https://mg.olx.com.br/belo-horizonte-e-regiao/imoveis/apartamento-a-venda-olaria-2-quartos-49-m2-1222359028,2023-08-15 13:55:18.525145,barreiro
https://mg.olx.com.br/belo-horizonte-e-regiao/imoveis/venda-area-privativa-milionarios-belo-horizonte-1222357157,2023-08-15 13:55:18.527705,barreiro
https://mg.olx.com.br/belo-horizonte-e-regiao/imoveis/area-privativa-a-venda-3-quartos-1-suite-2-vagas-miramar-belo-horizonte-mg-1222357044,2023-08-15 13:55:18.527705,barreiro
https://mg.olx.com.br/belo-horizonte-e-regiao/imoveis/apartamento-a-venda-3-quartos-1-suite-2-vagas-miramar-belo-horizonte-mg-1222356551,2023-08-15 13:55:18.527705,barreiro
https://mg.olx.com.br/belo-horizonte-e-regiao/imoveis/apartamento-com-area-privativa-a-venda-2-quartos-1-vaga-santa-monica-belo-horizonte-m-1222457993,2023-08-15 13:56:26.896108,pampulha
https://mg.olx.com.br/belo-horizonte-e-regiao/imoveis/apartamento-com-lazer-completo-de-3-quartos-com-suite-para-venda-bairro-castelo-belo-hor-1222456535,2023-08-15 13:56:26.896108,pampulha
https://mg.olx.com.br/belo-horizonte-e-regiao/imoveis/cobertura-com-3-quartos-a-venda-80-m-por-r-389-000-santa-branca-belo-horizonte-mg-1222455224,2023-08-15 13:56:26.896108,pampulha
https://mg.olx.com.br/belo-horizonte-e-regiao/imoveis/apartamento-a-venda-castelo-2-quartos-85-m2-1222369855,2023-08-15 13:56:26.896108,pampulha
https://mg.olx.com.br/belo-horizonte-e-regiao/imoveis/apartamento-a-venda-bandeirantes-2-quartos-62-m2-1222369405,2023-08-15 13:56:26.896108,pampulha
https://mg.olx.com.br/belo-horizonte-e-regiao/imoveis/apartamento-a-venda-manacas-2-quartos-122-m2-1222367688,2023-08-15 13:56:26.896108,pampulha
https://mg.olx.com.br/belo-horizonte-e-regiao/imoveis/apartamento-a-venda-itapoa-2-quartos-80-m2-1222365255,2023-08-15 13:56:26.896108,pampulha
https://mg.olx.com.br/belo-horizonte-e-regiao/imoveis/apartamento-a-venda-castelo-3-quartos-61-m2-1222363983,2023-08-15 13:56:26.896108,pampulha
https://mg.olx.com.br/belo-horizonte-e-regiao/imoveis/apartamento-garden-com-3-dormitorios-a-venda-75-m-por-r-699-000-00-itapoa-belo-hori-1222361830,2023-08-15 13:56:26.896108,pampulha
https://mg.olx.com.br/belo-horizonte-e-regiao/imoveis/cobertura-com-2-dormitorios-a-venda-104-m-por-r-499-000-00-santa-monica-belo-horizo-1222359007,2023-08-15 13:56:26.896108,pampulha
https://mg.olx.com.br/belo-horizonte-e-regiao/imoveis/area-privativa-03-quartos-01-suite-a-venda-santa-branca-belo-horizonte-mg-1222357820,2023-08-15 13:56:26.896108,pampulha
https://mg.olx.com.br/belo-horizonte-e-regiao/imoveis/apartamento-com-2-dormitorios-a-venda-por-r-240-000-00-santa-branca-belo-horizonte-mg-1222356283,2023-08-15 13:56:26.896108,pampulha
https://mg.olx.com.br/belo-horizonte-e-regiao/imoveis/excelente-apartamento-com-3-quartos-1-suite-elevador-e-2-vagas-no-bairro-santa-amelia-1222356198,2023-08-15 13:56:26.896108,pampulha
https://mg.olx.com.br/belo-horizonte-e-regiao/imoveis/apartamento-com-2-dormitorios-a-venda-55-m-por-r-370-000-00-castelo-belo-horizonte-1222354992,2023-08-15 13:56:26.896108,pampulha
https://mg.olx.com.br/belo-horizonte-e-regiao/imoveis/cobertura-a-venda-3-quartos-1-suite-1-vaga-ouro-preto-belo-horizonte-mg-1222354344,2023-08-15 13:56:26.896108,pampulha
https://mg.olx.com.br/belo-horizonte-e-regiao/imoveis/area-privativa-a-venda-3-quartos-1-suite-2-vagas-paqueta-belo-horizonte-mg-1222352082,2023-08-15 13:56:26.896108,pampulha
https://mg.olx.com.br/belo-horizonte-e-regiao/imoveis/apartamento-a-venda-4-quartos-2-suites-3-vagas-santa-rosa-belo-horizonte-mg-1222351932,2023-08-15 13:56:26.896108,pampulha
https://mg.olx.com.br/belo-horizonte-e-regiao/imoveis/area-privativa-a-venda-4-quartos-2-suites-4-vagas-santa-rosa-belo-horizonte-mg-1222351730,2023-08-15 13:56:26.896108,pampulha
https://mg.olx.com.br/belo-horizonte-e-regiao/imoveis/apartamento-2-quartos-a-venda-no-paqueta-1222350809,2023-08-15 13:56:26.896108,pampulha
https://mg.olx.com.br/belo-horizonte-e-regiao/imoveis/area-privativa-no-bairro-castelo-1222349756,2023-08-15 13:56:26.896108,pampulha
https://mg.olx.com.br/belo-horizonte-e-regiao/imoveis/area-privativa-com-2-quartos-a-venda-no-bairro-castelo-bh-1222349604,2023-08-15 13:56:26.896108,pampulha
https://mg.olx.com.br/belo-horizonte-e-regiao/imoveis/cobertura-com-4-dormitorios-a-venda-em-belo-horizonte-1222339131,2023-08-15 13:57:28.577655,pampulha
https://mg.olx.com.br/belo-horizonte-e-regiao/imoveis/apartamento-com-area-privativa-para-venda-em-belo-horizonte-santa-amelia-3-dormitorios-1222339097,2023-08-15 13:57:28.577655,pampulha
https://mg.olx.com.br/belo-horizonte-e-regiao/imoveis/apartamento-com-4-dormitorios-a-venda-em-belo-horizonte-1222338834,2023-08-15 13:57:28.577655,pampulha
https://mg.olx.com.br/belo-horizonte-e-regiao/imoveis/apartamento-com-2-dormitorios-a-venda-em-belo-horizonte-1222338795,2023-08-15 13:57:28.577655,pampulha
https://mg.olx.com.br/belo-horizonte-e-regiao/imoveis/venda-apartamento-3-quartos-paqueta-belo-horizonte-1222338796,2023-08-15 13:57:28.577655,pampulha
https://mg.olx.com.br/belo-horizonte-e-regiao/imoveis/apartamento-com-2-dormitorios-a-venda-em-belo-horizonte-1222338765,2023-08-15 13:57:28.577655,pampulha
https://mg.olx.com.br/belo-horizonte-e-regiao/imoveis/cobertura-com-4-dormitorios-a-venda-em-belo-horizonte-1222338768,2023-08-15 13:57:28.577655,pampulha
https://mg.olx.com.br/belo-horizonte-e-regiao/imoveis/cobertura-com-5-dormitorios-a-venda-em-belo-horizonte-1222338687,2023-08-15 13:57:28.577655,pampulha
https://mg.olx.com.br/belo-horizonte-e-regiao/imoveis/area-privativa-garden-com-3-dormitorios-a-venda-em-belo-horizonte-1222338681,2023-08-15 13:57:28.577655,pampulha
https://mg.olx.com.br/belo-horizonte-e-regiao/imoveis/apartamento-a-venda-copacabana-2-quartos-49-m2-1222369390,2023-08-15 13:57:45.855399,venda nova
https://mg.olx.com.br/belo-horizonte-e-regiao/imoveis/apartamento-2-quartos-bairro-copacabana-belo-horizonte-mg-r-259-000-00-1222369244,2023-08-15 13:57:45.855399,venda nova
https://mg.olx.com.br/belo-horizonte-e-regiao/imoveis/apartamento-area-privativa-localizado-no-bairro-sao-joao-batista-belo-horizonte-mg-1222368655,2023-08-15 13:57:45.855399,venda nova
https://mg.olx.com.br/belo-horizonte-e-regiao/imoveis/apartamento-2-quartos-armarios-r-199-000-00-bairro-sao-joao-batista-1222363519,2023-08-15 13:57:45.855399,venda nova
https://mg.olx.com.br/belo-horizonte-e-regiao/imoveis/apartamento-com-2-dormitorios-a-venda-50-m-por-r-304-000-00-rio-branco-belo-horizon-1222363441,2023-08-15 13:57:45.855399,venda nova
https://mg.olx.com.br/belo-horizonte-e-regiao/imoveis/venda-area-privativa-cruzeiro-belo-horizonte-mg-1222487527,2023-08-15 13:58:06.861052,centro sul
https://mg.olx.com.br/belo-horizonte-e-regiao/imoveis/venda-apartamento-anchieta-belo-horizonte-mg-1222487071,2023-08-15 13:58:06.861052,centro sul
https://mg.olx.com.br/belo-horizonte-e-regiao/imoveis/venda-cobertura-sion-belo-horizonte-mg-1222487053,2023-08-15 13:58:06.861052,centro sul
https://mg.olx.com.br/belo-horizonte-e-regiao/imoveis/apartamento-em-rua-engenheiro-amaro-lanari-anchieta-belo-horizonte-mg-1222486361,2023-08-15 13:58:06.861052,centro sul
https://mg.olx.com.br/belo-horizonte-e-regiao/imoveis/venda-cob-duplex-funcionarios-belo-horizonte-mg-1222483841,2023-08-15 13:58:06.861052,centro sul
https://mg.olx.com.br/belo-horizonte-e-regiao/imoveis/venda-apartamento-cruzeiro-belo-horizonte-mg-1222483188,2023-08-15 13:58:06.861052,centro sul
https://mg.olx.com.br/belo-horizonte-e-regiao/imoveis/venda-apartamento-sion-belo-horizonte-mg-1222483091,2023-08-15 13:58:06.861052,centro sul
https://mg.olx.com.br/belo-horizonte-e-regiao/imoveis/apartamento-para-venda-possui-250-metros-quadrados-com-4-quartos-1222475108,2023-08-15 13:58:06.861052,centro sul
https://mg.olx.com.br/belo-horizonte-e-regiao/imoveis/apartamento-a-venda-4-quartos-3-suites-2-vagas-serra-belo-horizonte-mg-1222475085,2023-08-15 13:58:06.861052,centro sul
https://mg.olx.com.br/belo-horizonte-e-regiao/imoveis/apartamento-a-venda-no-bairro-carmo-1222471428,2023-08-15 13:58:06.861052,centro sul
https://mg.olx.com.br/belo-horizonte-e-regiao/imoveis/apartamento-a-venda-no-bairro-funcionarios-1222471406,2023-08-15 13:58:06.861052,centro sul
https://mg.olx.com.br/belo-horizonte-e-regiao/imoveis/area-privativa-a-venda-no-bairro-santo-antonio-1222471388,2023-08-15 13:58:06.861052,centro sul
https://mg.olx.com.br/belo-horizonte-e-regiao/imoveis/apartamento-para-venda-com-70-metros-quadrados-com-2-quartos-em-sion-belo-horizonte-mg-1222464128,2023-08-15 13:58:06.861052,centro sul
https://mg.olx.com.br/belo-horizonte-e-regiao/imoveis/apartamento-a-venda-2-quartos-1-vaga-santa-lucia-belo-horizonte-mg-1222463783,2023-08-15 13:58:06.861052,centro sul
https://mg.olx.com.br/belo-horizonte-e-regiao/imoveis/apartamento-a-venda-3-quartos-1-suite-2-vagas-serra-belo-horizonte-mg-1222462660,2023-08-15 13:58:06.861052,centro sul
https://mg.olx.com.br/belo-horizonte-e-regiao/imoveis/apartamento-a-venda-no-bairro-lourdes-1222462477,2023-08-15 13:58:06.861052,centro sul
https://mg.olx.com.br/belo-horizonte-e-regiao/imoveis/apartamento-a-venda-no-bairro-santo-agostinho-1222461721,2023-08-15 13:58:06.861052,centro sul
https://mg.olx.com.br/belo-horizonte-e-regiao/imoveis/venha-morar-no-melhor-do-anchieta--1222461319,2023-08-15 13:58:06.861052,centro sul
https://mg.olx.com.br/belo-horizonte-e-regiao/imoveis/apartamento-a-venda-em-belo-horizonte-1222461016,2023-08-15 13:58:06.861052,centro sul
https://mg.olx.com.br/belo-horizonte-e-regiao/imoveis/apartamento-para-venda-com-125-metros-quadrados-com-4-quartos-em-serra-belo-horizonte-1222460942,2023-08-15 13:58:06.861052,centro sul
https://mg.olx.com.br/belo-horizonte-e-regiao/imoveis/apartamento-a-venda-em-belo-horizonte-1222458140,2023-08-15 13:58:06.861052,centro sul
https://mg.olx.com.br/belo-horizonte-e-regiao/imoveis/apartamento-a-venda-em-belo-horizonte-1222457821,2023-08-15 13:58:06.861052,centro sul
https://mg.olx.com.br/belo-horizonte-e-regiao/imoveis/apartamento-a-venda-em-belo-horizonte-1222457623,2023-08-15 13:58:06.861052,centro sul
https://mg.olx.com.br/belo-horizonte-e-regiao/imoveis/anuar-donato-cobertura-2-quartos-a-venda-carmo-1222401839,2023-08-15 13:58:15.335546,centro sul
https://mg.olx.com.br/belo-horizonte-e-regiao/imoveis/apartamento-mobiliado-a-venda-3-quartos-1-suite-1-vaga-cidade-jardim-belo-horizonte-1222393736,2023-08-15 13:58:15.335546,centro sul
https://mg.olx.com.br/belo-horizonte-e-regiao/imoveis/anuar-donato-apartamento-4-quartos-a-venda-funcionarios-1222393345,2023-08-15 13:58:15.335546,centro sul
https://mg.olx.com.br/belo-horizonte-e-regiao/imoveis/belo-horizonte-apartamento-padrao-serra-1222392423,2023-08-15 13:58:15.335546,centro sul
https://mg.olx.com.br/belo-horizonte-e-regiao/imoveis/apartamento-para-venda-em-belo-horizonte-centro-5-dormitorios-1-suite-4-banheiros-2-v-1222391669,2023-08-15 13:58:15.335546,centro sul
https://mg.olx.com.br/belo-horizonte-e-regiao/imoveis/apartamento-com-2-dormitorios-55-m-venda-por-r-298-000-00-ou-aluguel-por-r-2-409-00-1222376346,2023-08-15 13:58:15.335546,centro sul
https://mg.olx.com.br/belo-horizonte-e-regiao/imoveis/centro-lourdes-03-qtos-suite-vaga-livre-vazio-1222372808,2023-08-15 13:58:15.335546,centro sul
https://mg.olx.com.br/belo-horizonte-e-regiao/imoveis/venda-cobertura-lourdes-belo-horizonte-1222369824,2023-08-15 13:58:15.335546,centro sul
https://mg.olx.com.br/belo-horizonte-e-regiao/imoveis/apartamento-a-venda-funcionarios-4-quartos-125-m2-1222369571,2023-08-15 13:58:15.335546,centro sul
https://mg.olx.com.br/belo-horizonte-e-regiao/imoveis/apartamento-a-venda-centro-3-quartos-100-m2-1222369330,2023-08-15 13:58:15.335546,centro sul
https://mg.olx.com.br/belo-horizonte-e-regiao/imoveis/apartamento-a-venda-lourdes-3-quartos-116-m2-1222369090,2023-08-15 13:58:15.335546,centro sul
https://mg.olx.com.br/belo-horizonte-e-regiao/imoveis/venda-apartamento-4-quartos-santo-antonio-belo-horizonte-1222368731,2023-08-15 13:58:15.335546,centro sul
https://mg.olx.com.br/belo-horizonte-e-regiao/imoveis/venda-apartamento-4-quartos-santo-antonio-belo-horizonte-1222367877,2023-08-15 13:58:15.335546,centro sul
https://mg.olx.com.br/belo-horizonte-e-regiao/imoveis/apartamento-a-venda-santo-agostinho-2-quartos-61-m2-1222367730,2023-08-15 13:58:15.335546,centro sul
https://mg.olx.com.br/belo-horizonte-e-regiao/imoveis/venda-apartamento-3-quartos-lourdes-belo-horizonte-1222367484,2023-08-15 13:58:15.335546,centro sul
https://mg.olx.com.br/belo-horizonte-e-regiao/imoveis/apartamento-a-venda-funcionarios-3-quartos-110-m2-1222366391,2023-08-15 13:58:15.335546,centro sul
https://mg.olx.com.br/belo-horizonte-e-regiao/imoveis/venda-cobertura-santo-antonio-belo-horizonte-1222366267,2023-08-15 13:58:15.335546,centro sul
https://mg.olx.com.br/belo-horizonte-e-regiao/imoveis/apartamento-a-venda-santo-agostinho-2-quartos-59-m2-1222364795,2023-08-15 13:58:15.335546,centro sul
https://mg.olx.com.br/belo-horizonte-e-regiao/imoveis/apartamento-a-venda-sao-pedro-2-quartos-66-m2-1222363478,2023-08-15 13:58:15.335546,centro sul
https://mg.olx.com.br/belo-horizonte-e-regiao/imoveis/venda-apartamento-2-quartos-santo-antonio-belo-horizonte-1222363419,2023-08-15 13:58:15.335546,centro sul
https://mg.olx.com.br/belo-horizonte-e-regiao/imoveis/2-quartos-com-area-privativa-lourdes-1222353541,2023-08-15 13:58:27.957154,centro sul
https://mg.olx.com.br/belo-horizonte-e-regiao/imoveis/apartamento-a-venda-no-bairro-serra-belo-horizonte-mg-1222353245,2023-08-15 13:58:27.957154,centro sul
https://mg.olx.com.br/belo-horizonte-e-regiao/imoveis/apartamento-com-3-dormitorios-a-venda-97-m-por-r-980-000-00-sion-belo-horizonte-mg-1222352764,2023-08-15 13:58:27.957154,centro sul
https://mg.olx.com.br/belo-horizonte-e-regiao/imoveis/apartamento-a-venda-no-bairro-serra-belo-horizonte-mg-1222351778,2023-08-15 13:58:27.957154,centro sul
https://mg.olx.com.br/belo-horizonte-e-regiao/imoveis/apartamento-a-venda-no-bairro-serra-belo-horizonte-mg-1222351764,2023-08-15 13:58:27.957154,centro sul
https://mg.olx.com.br/belo-horizonte-e-regiao/imoveis/apartamento-a-venda-no-bairro-serra-belo-horizonte-mg-1222351668,2023-08-15 13:58:27.957154,centro sul
https://mg.olx.com.br/belo-horizonte-e-regiao/imoveis/apartamento-a-venda-no-bairro-serra-belo-horizonte-mg-1222351624,2023-08-15 13:58:27.957154,centro sul
https://mg.olx.com.br/belo-horizonte-e-regiao/imoveis/apartamento-a-venda-no-bairro-serra-belo-horizonte-mg-1222351502,2023-08-15 13:58:27.957154,centro sul
https://mg.olx.com.br/belo-horizonte-e-regiao/imoveis/apartamento-4-quartos-204-m-a-venda-por-r-2-700-000-00-1222351254,2023-08-15 13:58:27.957154,centro sul
https://mg.olx.com.br/belo-horizonte-e-regiao/imoveis/apartamento-a-venda-3-quartos-1-suite-2-vagas-santo-agostinho-belo-horizonte-mg-1222350660,2023-08-15 13:58:27.957154,centro sul
https://mg.olx.com.br/belo-horizonte-e-regiao/imoveis/apartamento-a-venda-4-quartos-1-suite-2-vagas-serra-belo-horizonte-mg-1222349517,2023-08-15 13:58:27.957154,centro sul
https://mg.olx.com.br/belo-horizonte-e-regiao/imoveis/apartamento-quarto-e-sala-com-suite-no-centro-1222348733,2023-08-15 13:58:27.957154,centro sul
https://mg.olx.com.br/belo-horizonte-e-regiao/imoveis/apartamento-a-venda-2-quartos-1-suite-1-vaga-santo-antonio-1222348703,2023-08-15 13:58:27.957154,centro sul
https://mg.olx.com.br/belo-horizonte-e-regiao/imoveis/cobertura-a-venda-3-quartos-1-suite-2-vagas-funcionarios-belo-horizonte-mg-1222345954,2023-08-15 13:58:27.957154,centro sul
https://mg.olx.com.br/belo-horizonte-e-regiao/imoveis/apartamento-a-venda-3-quartos-1-suite-2-vagas-funcionarios-belo-horizonte-mg-1222345925,2023-08-15 13:58:27.957154,centro sul
https://mg.olx.com.br/belo-horizonte-e-regiao/imoveis/cobertura-a-venda-5-quartos-5-suites-4-vagas-savassi-belo-horizonte-mg-1222345670,2023-08-15 13:58:27.957154,centro sul
https://mg.olx.com.br/belo-horizonte-e-regiao/imoveis/apartamento-a-venda-no-bairro-cruzeiro-1222345181,2023-08-15 13:58:27.957154,centro sul
https://mg.olx.com.br/belo-horizonte-e-regiao/imoveis/apartamento-a-venda-2-quartos-1-suite-1-vaga-savassi-belo-horizonte-mg-1222342673,2023-08-15 13:58:27.957154,centro sul
https://mg.olx.com.br/belo-horizonte-e-regiao/imoveis/area-privativa-a-venda-no-bairro-cruzeiro-1222342045,2023-08-15 13:58:27.957154,centro sul
https://mg.olx.com.br/belo-horizonte-e-regiao/imoveis/venda-apartamento-2-quartos-sao-lucas-belo-horizonte-1222340999,2023-08-15 13:58:27.957154,centro sul
https://mg.olx.com.br/belo-horizonte-e-regiao/imoveis/venda-apartamento-2-quartos-santa-efigenia-belo-horizonte-1222444609,2023-08-15 13:58:48.190043,zona leste
https://mg.olx.com.br/belo-horizonte-e-regiao/imoveis/consorcio-de-imovel-nao-contemplado-1222408479,2023-08-15 13:58:48.190043,zona leste
https://mg.olx.com.br/belo-horizonte-e-regiao/imoveis/venda-apartamento-2-quartos-santa-efigenia-belo-horizonte-1222395526,2023-08-15 13:58:48.190043,zona leste
https://mg.olx.com.br/belo-horizonte-e-regiao/imoveis/venda-apartamento-2-quartos-santa-efigenia-belo-horizonte-1222395363,2023-08-15 13:58:48.190043,zona leste
https://mg.olx.com.br/belo-horizonte-e-regiao/imoveis/venda-apartamento-2-quartos-santa-efigenia-belo-horizonte-1222388393,2023-08-15 13:58:48.190043,zona leste
https://mg.olx.com.br/belo-horizonte-e-regiao/imoveis/venda-apartamento-2-quartos-santa-efigenia-belo-horizonte-1222387767,2023-08-15 13:58:48.190043,zona leste
https://mg.olx.com.br/belo-horizonte-e-regiao/imoveis/venda-apartamento-2-quartos-santa-efigenia-belo-horizonte-1222386580,2023-08-15 13:58:48.190043,zona leste
https://mg.olx.com.br/belo-horizonte-e-regiao/imoveis/venda-apartamento-3-quartos-santa-efigenia-belo-horizonte-1222376494,2023-08-15 13:58:48.190043,zona leste
https://mg.olx.com.br/belo-horizonte-e-regiao/imoveis/venda-apartamento-2-quartos-santa-efigenia-belo-horizonte-1222374726,2023-08-15 13:58:48.190043,zona leste
https://mg.olx.com.br/belo-horizonte-e-regiao/imoveis/venda-apartamento-2-quartos-santa-ines-belo-horizonte-1222374593,2023-08-15 13:58:48.190043,zona leste
https://mg.olx.com.br/belo-horizonte-e-regiao/imoveis/apartamento-3-quartos-a-venda-3-quartos-1-suite-2-vagas-santa-efigenia-belo-horizont-1222374225,2023-08-15 13:58:48.190043,zona leste
https://mg.olx.com.br/belo-horizonte-e-regiao/imoveis/apartamento-para-venda-em-belo-horizonte-floresta-3-dormitorios-1-suite-3-banheiros-1-1222373401,2023-08-15 13:58:48.190043,zona leste
https://mg.olx.com.br/belo-horizonte-e-regiao/imoveis/apartamento-duplex-com-2-dormitorios-a-venda-120-m-por-r-419-754-00-concordia-belo-1222448751,2023-08-15 13:59:00.735350,zona nordeste
https://mg.olx.com.br/belo-horizonte-e-regiao/imoveis/jardim-vitoria-otimo-apto-acabamento-com-moveis-planejados-02-qts-e-01-vaga-1222445884,2023-08-15 13:59:00.735350,zona nordeste
https://mg.olx.com.br/belo-horizonte-e-regiao/imoveis/oportunidade-jardim-vitoria-lindo-apto-02-qts-01-vaga-portaria-24hrs-e-area-de-lazer-1222431421,2023-08-15 13:59:00.735350,zona nordeste
https://mg.olx.com.br/belo-horizonte-e-regiao/imoveis/apartamento-com-2-dormitorios-a-venda-49-m-por-r-274-000-00-palmares-belo-horizonte-1222356508,2023-08-15 13:59:00.735350,zona nordeste
https://mg.olx.com.br/belo-horizonte-e-regiao/imoveis/apartamento-de-4-quartos-elevador-salao-de-festas-4-vagas-de-garagem-para-locacao-no-1222352942,2023-08-15 13:59:00.735350,zona nordeste
https://mg.olx.com.br/belo-horizonte-e-regiao/imoveis/cobertura-a-venda-3-quartos-2-suites-4-vagas-palmares-belo-horizonte-mg-1222351848,2023-08-15 13:59:00.735350,zona nordeste
https://mg.olx.com.br/belo-horizonte-e-regiao/imoveis/area-privativa-178-m-04-quartos-02-suites-04-banhos-03-vagas-01-elevador-1222347289,2023-08-15 13:59:00.735350,zona nordeste
https://mg.olx.com.br/belo-horizonte-e-regiao/imoveis/venda-apartamento-3-quartos-caicaras-belo-horizonte-1222387811,2023-08-15 13:59:13.425713,zona noroeste
https://mg.olx.com.br/belo-horizonte-e-regiao/imoveis/apartamento-com-area-privativa-a-venda-padre-eustaquio-belo-horizonte-mg-1222356849,2023-08-15 13:59:13.425713,zona noroeste
https://mg.olx.com.br/belo-horizonte-e-regiao/imoveis/apartamento-com-3-dormitorios-a-venda-em-belo-horizonte-1222342794,2023-08-15 13:59:13.425713,zona noroeste
https://mg.olx.com.br/belo-horizonte-e-regiao/imoveis/apartamento-com-2-dormitorios-a-venda-em-belo-horizonte-1222341337,2023-08-15 13:59:13.425713,zona noroeste
https://mg.olx.com.br/belo-horizonte-e-regiao/imoveis/apartamento-com-2-dormitorios-a-venda-em-belo-horizonte-1222341017,2023-08-15 13:59:13.425713,zona noroeste
https://mg.olx.com.br/belo-horizonte-e-regiao/imoveis/area-privativa-garden-com-2-dormitorios-a-venda-em-belo-horizonte-1222341023,2023-08-15 13:59:13.425713,zona noroeste
https://mg.olx.com.br/belo-horizonte-e-regiao/imoveis/area-privativa-garden-com-3-dormitorios-a-venda-em-belo-horizonte-1222340389,2023-08-15 13:59:13.425713,zona noroeste
https://mg.olx.com.br/belo-horizonte-e-regiao/imoveis/apartamento-com-3-dormitorios-a-venda-em-belo-horizonte-1222338773,2023-08-15 13:59:13.425713,zona noroeste
https://mg.olx.com.br/belo-horizonte-e-regiao/imoveis/juliana-lindo-apto-revestido-em-porcelanato-02-qts-01-vaga-prox-shopping-estacao-1222453391,2023-08-15 13:59:35.404511,zona norte
https://mg.olx.com.br/belo-horizonte-e-regiao/imoveis/apartamento-com-piscina-1204156929,2023-08-15 13:59:35.404511,zona norte
https://mg.olx.com.br/belo-horizonte-e-regiao/imoveis/cobertura-a-venda-5-quartos-1-suite-2-vagas-heliopolis-belo-horizonte-mg-1222353525,2023-08-15 13:59:35.404511,zona norte
https://mg.olx.com.br/belo-horizonte-e-regiao/imoveis/area-privativa-a-venda-3-quartos-1-suite-2-vagas-heliopolis-belo-horizonte-mg-1222353511,2023-08-15 13:59:35.404511,zona norte
https://mg.olx.com.br/belo-horizonte-e-regiao/imoveis/apartamento-em-rua-domingos-rocha-salgado-filho-belo-horizonte-mg-1222480690,2023-08-15 13:59:56.510241,zona oeste
https://mg.olx.com.br/belo-horizonte-e-regiao/imoveis/apartamento-2-quartos-com-64m-piscina-academia-vista-definitiva-elevador-no-buritis-bh-1222470614,2023-08-15 13:59:56.510241,zona oeste
https://mg.olx.com.br/belo-horizonte-e-regiao/imoveis/apartamento-a-venda-2-quartos-2-vagas-estoril-belo-horizonte-mg-1222464634,2023-08-15 13:59:56.510241,zona oeste
https://mg.olx.com.br/belo-horizonte-e-regiao/imoveis/apartamento-a-venda-3-quartos-1-suite-2-vagas-buritis-belo-horizonte-mg-1222462910,2023-08-15 13:59:56.510241,zona oeste
https://mg.olx.com.br/belo-horizonte-e-regiao/imoveis/casa-a-venda-no-bairro-palmeiras-belo-horizonte-mg-1222461835,2023-08-15 13:59:56.510241,zona oeste
https://mg.olx.com.br/belo-horizonte-e-regiao/imoveis/apartamento-garden-com-3-quartos-sendo-01-com-suite-a-venda-por-r-970-000-alto-barroca-1222459883,2023-08-15 13:59:56.510241,zona oeste
https://mg.olx.com.br/belo-horizonte-e-regiao/imoveis/apartamento-a-venda-2-quartos-1-vaga-havai-belo-horizonte-mg-1222457909,2023-08-15 13:59:56.510241,zona oeste
https://mg.olx.com.br/belo-horizonte-e-regiao/imoveis/apartamento-com-3-dormitorios-a-venda-100-m-por-r-430-000-00-prado-belo-horizonte-m-1222457212,2023-08-15 13:59:56.510241,zona oeste
https://mg.olx.com.br/belo-horizonte-e-regiao/imoveis/apartamento-com-2-quartos-sendo-01-com-suite-a-venda-por-r-465-000-alto-barroca-belo-1222457147,2023-08-15 13:59:56.510241,zona oeste
https://mg.olx.com.br/belo-horizonte-e-regiao/imoveis/apartamento-garden-com-2-quartos-sendo-01-com-suite-a-venda-por-r-690-000-alto-barroca-1222456936,2023-08-15 13:59:56.510241,zona oeste
https://mg.olx.com.br/belo-horizonte-e-regiao/imoveis/apartamento-a-venda-em-belo-horizonte-1222454300,2023-08-15 13:59:56.510241,zona oeste
https://mg.olx.com.br/belo-horizonte-e-regiao/imoveis/anuar-donato-apartamento-2-quartos-a-venda-gutierrez-1222454291,2023-08-15 13:59:56.510241,zona oeste
https://mg.olx.com.br/belo-horizonte-e-regiao/imoveis/apartamento-a-venda-3-quartos-1-suite-2-vagas-buritis-belo-horizonte-mg-1222453707,2023-08-15 13:59:56.510241,zona oeste
https://mg.olx.com.br/belo-horizonte-e-regiao/imoveis/apartamento-em-construcao-2-quartos-2-vagas-varanda-buritis-1222448839,2023-08-15 13:59:56.510241,zona oeste
https://mg.olx.com.br/belo-horizonte-e-regiao/imoveis/apartamento-com-2-quartos-sendo-01-com-suite-a-venda-por-r-460-000-alto-barroca-bel-1222448042,2023-08-15 13:59:56.510241,zona oeste
https://mg.olx.com.br/belo-horizonte-e-regiao/imoveis/apartamento-a-venda-em-belo-horizonte-1222444607,2023-08-15 13:59:56.510241,zona oeste
https://mg.olx.com.br/belo-horizonte-e-regiao/imoveis/gutierrez-excelente-apto-03-qts-01-suite-02-vagas-cobertas-elevador-fino-acabamento-1222415876,2023-08-15 13:59:56.510241,zona oeste
https://mg.olx.com.br/belo-horizonte-e-regiao/imoveis/cobertura-a-venda-1-650-000-00-no-bairro-buritis-belo-horizonte-1222391625,2023-08-15 13:59:56.510241,zona oeste
https://mg.olx.com.br/belo-horizonte-e-regiao/imoveis/apartamento-a-venda-3-quartos-1-suite-2-vagas-buritis-belo-horizonte-mg-1222391060,2023-08-15 13:59:56.510241,zona oeste
https://mg.olx.com.br/belo-horizonte-e-regiao/imoveis/venda-residential-apartment-belo-horizonte-mg-1222381583,2023-08-15 13:59:56.510241,zona oeste
https://mg.olx.com.br/belo-horizonte-e-regiao/imoveis/apartamento-a-venda-3-quartos-1-suite-2-vagas-buritis-belo-horizonte-mg-1222378334,2023-08-15 13:59:56.510241,zona oeste
